종목명,섹터,종목코드
SK이노베이션,에너지,96770
S-Oil,에너지,10950
현대중공업지주,에너지,267250
GS,에너지,78930
SK디스커버리,에너지,6120
SGC에너지,에너지,5090
KG케미칼,에너지,1390
한국쉘석유,에너지,2960
이아이디,에너지,93230
위즈코프,에너지,38620
세원이앤씨,에너지,91090
오르비텍,에너지,46120
제이씨케미칼,에너지,137950
현대에너지솔루션,에너지,322000
SDN,에너지,99220
미창석유,에너지,3650
극동유화,에너지,14530
대성산업,에너지,128820
흥구석유,에너지,24060
젬백스지오,에너지,41590
에스에너지,에너지,95910
코드네이처,에너지,78940
스페코,에너지,13810
지엔원에너지,에너지,270520
서남,에너지,294630
경동인베스트,에너지,12320
중앙에너비스,에너지,440
윌링스,에너지,313760
LG화학,화학,51910
한화솔루션,화학,9830
포스코케미칼,화학,3670
SKC,화학,11790
롯데케미칼,화학,11170
금호석유,화학,11780
한솔케미칼,화학,14680
에코프로,화학,86520
OCI,화학,10060
SK케미칼,화학,285130
효성첨단소재,화학,298050
롯데정밀화학,화학,4000
코오롱인더,화학,120110
에코프로에이치엔,화학,383310
후성,화학,93370
코스모신소재,화학,5070
파미셀,화학,5690
PI첨단소재,화학,178920
대한유화,화학,6650
유니드,화학,14830
휴켐스,화학,69260
효성화학,화학,298000
나노신소재,화학,121600
국도화학,화학,7690
코스모화학,화학,5420
애경케미칼,화학,161000
이엔에프테크놀로지,화학,102710
미원상사,화학,2840
송원산업,화학,4430
이수화학,화학,5950
켐트로스,화학,220260
켐트로닉스,화학,89010
이엔드디,화학,101360
남해화학,화학,25860
태광산업,화학,3240
원익머트리얼즈,화학,104830
티케이케미칼,화학,104480
미원에스씨,화학,268280
코오롱,화학,2020
테이팩스,화학,55490
동성화인텍,화학,33500
경인양행,화학,12610
레이크머티리얼즈,화학,281740
삼영무역,화학,2810
케이피엠테크,화학,42040
와이엠티,화학,251370
나노씨엠에스,화학,247660
카프로,화학,6380
코오롱플라스틱,화학,138490
한국알콜,화학,17890
한농화성,화학,11500
동성케미컬,화학,102260
백광산업,화학,1340
피엔에이치테크,화학,239890
금양,화학,1570
AK홀딩스,화학,6840
미원홀딩스,화학,107590
원익큐브,화학,14190
KPX케미칼,화학,25000
동남합성,화학,23450
삼영화학,화학,3720
그린케미칼,화학,83420
SH에너지화학,화학,2360
레몬,화학,294140
대정화금,화학,120240
진양홀딩스,화학,100250
HRS,화학,36640
웹스,화학,196700
대유,화학,290380
한국석유,화학,4090
인바이오,화학,352940
석경에이티,화학,357550
태경케미컬,화학,6890
KPX홀딩스,화학,92230
미원화학,화학,134380
진양산업,화학,3780
나노브릭,화학,286750
KCI,화학,36670
오공,화학,45060
경농,화학,2100
동방아그로,화학,7590
나노,화학,187790
대한화섬,화학,3830
한국바이오젠,화학,318000
조비,화학,1550
영보화학,화학,14440
쎄노텍,화학,222420
에스폴리텍,화학,50760
나노캠텍,화학,91970
와이오엠,화학,66430
효성오앤비,화학,97870
전진바이오팜,화학,110020
WISCOM,화학,24070
스타플렉스,화학,115570
원풍,화학,8370
성보화학,화학,3080
진양폴리,화학,10640
진양화학,화학,51630
엔피케이,화학,48830
한일화학,화학,7770
케이디켐,화학,221980
이화산업,화학,760
고려아연,비철금속,10130
풍산,비철금속,103140
국일제지,비철금속,78130
동원시스템즈,비철금속,14820
남선알미늄,비철금속,8350
한솔제지,비철금속,213500
일진다이아,비철금속,81000
아세아제지,비철금속,2310
해성산업,비철금속,34810
율촌화학,비철금속,8730
락앤락,비철금속,115390
엠투엔,비철금속,33310
삼아알미늄,비철금속,6110
신대양제지,비철금속,16590
알루코,비철금속,1780
포스코강판,비철금속,58430
대호에이엘,비철금속,69460
현대비앤지스틸,비철금속,4560
풍산홀딩스,비철금속,5810
대양금속,비철금속,9190
아세아,비철금속,2030
대영포장,비철금속,14160
디씨엠,비철금속,24090
연우,비철금속,115960
한솔홀딩스,비철금속,4150
성창기업지주,비철금속,180
깨끗한나라,비철금속,4540
감성코퍼레이션,비철금속,36620
대창,비철금속,12800
조일알미늄,비철금속,18470
그린플러스,비철금속,186230
삼보판지,비철금속,23600
티플랙스,비철금속,81150
삼양패키징,비철금속,272550
펌텍코리아,비철금속,251970
EG,비철금속,37370
무림P&P,비철금속,9580
태림포장,비철금속,11280
태경비케이,비철금속,14580
조선내화,비철금속,480
한창제지,비철금속,9460
한국내화,비철금속,10040
태경산업,비철금속,15890
황금에스티,비철금속,32560
이구산업,비철금속,25820
삼보산업,비철금속,9620
서원,비철금속,21050
한국수출포장,비철금속,2200
무림페이퍼,비철금속,9200
세하,비철금속,27970
피제이메탈,비철금속,128660
컨버즈,비철금속,109070
영풍제지,비철금속,6740
동국알앤에스,비철금속,75970
파버나인,비철금속,177830
대륙제관,비철금속,4780
대림제지,비철금속,17650
한국팩키지,비철금속,37230
신풍제지,비철금속,2870
쎄니트,비철금속,37760
삼화왕관,비철금속,4450
SUN&L,비철금속,2820
DSR,비철금속,155660
무림SP,비철금속,1810
국일신동,비철금속,60480
승일,비철금속,49830
페이퍼코리아,비철금속,1020
제일연마,비철금속,1560
한솔PNS,비철금속,10420
삼륭물산,비철금속,14970
한창산업,비철금속,79170
케이피티유,비철금속,54410
금비,비철금속,8870
원림,비철금속,5820
현대건설,건설,720
삼성엔지니어링,건설,28050
GS건설,건설,6360
DL이앤씨,건설,375500
KCC,건설,2380
대우건설,건설,47040
DL,건설,210
HDC현대산업개발,건설,294870
쌍용C&E,건설,3410
한샘,건설,9240
지누스,건설,13890
아이에스동서,건설,10780
티와이홀딩스,건설,363280
KCC글라스,건설,344820
한일시멘트,건설,300720
LX하우시스,건설,108670
동화기업,건설,25900
HDC,건설,12630
삼부토건,건설,1470
유진기업,건설,23410
성신양회,건설,4980
DL건설,건설,1880
동양,건설,1520
금호건설,건설,2990
아세아시멘트,건설,183190
서희건설,건설,35890
동원개발,건설,13120
삼표시멘트,건설,38500
계룡건설,건설,13580
현대리바트,건설,79430
신원종합개발,건설,17000
진흥기업,건설,2780
중앙디앤엠,건설,51980
일진파워,건설,94820
벽산,건설,7210
서한,건설,11370
한양이엔지,건설,45100
코오롱글로벌,건설,3070
삼화페인트,건설,390
초록뱀컴퍼니,건설,52300
한일홀딩스,건설,3300
금화피에스시,건설,36190
한신공영,건설,4960
태영건설,건설,9410
퍼시스,건설,16800
도화엔지니어링,건설,2150
동부건설,건설,5960
특수건설,건설,26150
범양건영,건설,2410
일신석재,건설,7110
노루페인트,건설,90350
한진중공업,건설,97230
일성건설,건설,13360
금강공업,건설,14280
한솔홈데코,건설,25750
에스와이,건설,109610
에넥스,건설,11090
동아지질,건설,28100
한라,건설,14790
오하임아이엔티,건설,309930
한일현대시멘트,건설,6390
자이에스앤디,건설,317400
웰크론,건설,65950
화성산업,건설,2460
상지카일룸,건설,42940
삼호개발,건설,10960
이건산업,건설,8250
한미글로벌,건설,53690
신세계건설,건설,34300
보광산업,건설,225530
홈센타홀딩스,건설,60560
삼목에스폼,건설,18310
KH E&T,건설,226360
강남제비스코,건설,860
희림,건설,37440
KT서브마린,건설,60370
동신건설,건설,25950
국보디자인,건설,66620
유니온,건설,910
HDC아이콘트롤스,건설,39570
대림B&Co,건설,5750
덕신하우징,건설,90410
이화공영,건설,1840
KCC건설,건설,21320
SGC이테크건설,건설,16250
까뮤이앤씨,건설,13700
국영지앤엠,건설,6050
웰크론한텍,건설,76080
에이스침대,건설,3800
이건홀딩스,건설,39020
우원개발,건설,46940
제일테크노스,건설,38010
부산산업,건설,11390
고려시멘트,건설,198440
노루홀딩스,건설,320
정산애강,건설,22220
남광토건,건설,1260
라이온켐텍,건설,171120
에쓰씨엔지니어링,건설,23960
다스코,건설,58730
프럼파스트,건설,35200
조광페인트,건설,4910
삼일씨엔에스,건설,4440
남화토건,건설,91590
모헨즈,건설,6920
SG,건설,255220
세보엠이씨,건설,11560
동양파일,건설,228340
한국종합기술,건설,23350
삼일기업공사,건설,2290
시디즈,건설,134790
유신,건설,54930
KD,건설,44180
코아스,건설,71950
윈하이텍,건설,192390
뉴보텍,건설,60260
대원,건설,7680
코리아에스이,건설,101670
우진아이엔에스,건설,10400
와토스코리아,건설,79000
서산,건설,79650
듀오백,건설,73190
대림통상,건설,6570
두산중공업,기계,34020
두산밥캣,기계,241560
현대로템,기계,64350
현대엘리베이,기계,17800
현대두산인프라코어,기계,42670
LS,기계,6260
씨에스윈드,기계,112610
LS ELECTRIC,기계,10120
에스에프에이,기계,56190
현대일렉트릭,기계,267260
현대건설기계,기계,267270
대한전선,기계,1440
유니슨,기계,18000
효성중공업,기계,298040
에이프로젠 MED,기계,7460
코윈테크,기계,282880
TYM,기계,2900
디와이피엔에프,기계,104460
3S,기계,60310
이엔플러스,기계,74610
이엠코리아,기계,95190
보성파워텍,기계,6910
태광,기계,23160
와이지-원,기계,19210
SIMPAC,기계,9160
비나텍,기계,126340
대한광통신,기계,10170
하이록코리아,기계,13030
대동,기계,490
넥스턴바이오,기계,89140
로보스타,기계,90360
성광벤드,기계,14620
제이엔케이히터,기계,126880
진성티이씨,기계,36890
한국테크놀로지,기계,53590
에이치엘비파워,기계,43220
테라사이언스,기계,73640
광림,기계,14200
레인보우로보틱스,기계,277810
이화전기,기계,24810
일진홀딩스,기계,15860
티에스아이,기계,277880
한신기계,기계,11700
우진,기계,105840
에스엠코어,기계,7820
에이테크솔루션,기계,71670
나라엠앤디,기계,51490
비츠로테크,기계,42370
디와이,기계,13570
디와이파워,기계,210540
원방테크,기계,53080
대원전선,기계,6340
조광ILI,기계,44060
휴림로봇,기계,90710
에너토크,기계,19990
이더블유케이,기계,258610
씨에스베어링,기계,297090
LS전선아시아,기계,229640
일진전기,기계,103590
KC코트렐,기계,119650
광명전기,기계,17040
영풍정밀,기계,36560
삼익THK,기계,4380
대창솔루션,기계,96350
알에스오토메이션,기계,140670
수성이노베이션,기계,84180
파라텍,기계,33540
수산중공업,기계,17550
엔케이,기계,85310
제일전기공업,기계,199820
제룡전기,기계,33100
코메론,기계,49430
큐로,기계,15590
디케이락,기계,105740
KC그린홀딩스,기계,9440
우진플라임,기계,49800
대창단조,기계,15230
SNT에너지,기계,100840
지엔씨에너지,기계,119850
가온전선,기계,500
선도전기,기계,7610
아스플로,기계,159010
현대에버다임,기계,41440
혜인,기계,3010
케이피에프,기계,24880
동일금속,기계,109860
세명전기,기계,17510
서전기전,기계,189860
KBI메탈,기계,24840
비에이치아이,기계,83650
제룡산업,기계,147830
흥국,기계,10240
화천기공,기계,850
비엠티,기계,86670
아세아텍,기계,50860
스맥,기계,99440
기신정기,기계,92440
부스타,기계,8470
화성밸브,기계,39610
에이치케이,기계,44780
포메탈,기계,119500
대모,기계,317850
화천기계,기계,10660
신진에스엠,기계,138070
자비스,기계,254120
프리엠스,기계,53160
서암기계공업,기계,100660
피앤씨테크,기계,237750
우림피티에스,기계,101170
에쎈테크,기계,43340
TPC,기계,48770
대동기어,기계,8830
해성티피씨,기계,59270
에스피시스템스,기계,317830
한국조선해양,조선,9540
에이치엘비,조선,28300
삼성중공업,조선,10140
현대미포조선,조선,10620
현대중공업,조선,329180
대우조선해양,조선,42660
삼강엠앤티,조선,100090
한국카본,조선,17960
HSD엔진,조선,82740
세진중공업,조선,75580
케이프,조선,64820
오리엔탈정공,조선,14940
메디콕스,조선,54180
대양전기공업,조선,108380
삼영이엔씨,조선,65570
인화정공,조선,101930
STX중공업,조선,71970
삼영엠텍,조선,54540
STX엔진,조선,77970
한라IMS,조선,92460
상상인인더스트리,조선,101000
케이에스피,조선,73010
일승,조선,333430
삼성물산,"상사,자본재",28260
SK,"상사,자본재",34730
LG,"상사,자본재",3550
한국항공우주,"상사,자본재",47810
에스원,"상사,자본재",12750
한화에어로스페이스,"상사,자본재",12450
CJ,"상사,자본재",1040
한화시스템,"상사,자본재",272210
포스코인터내셔널,"상사,자본재",47050
효성,"상사,자본재",4800
LX인터내셔널,"상사,자본재",1120
LIG넥스원,"상사,자본재",79550
두산,"상사,자본재",150
SK네트웍스,"상사,자본재",1740
NICE평가정보,"상사,자본재",30190
LX홀딩스,"상사,자본재",383800
쎄트렉아이,"상사,자본재",99320
NICE,"상사,자본재",34310
인선이엔티,"상사,자본재",60150
사람인에이치알,"상사,자본재",143240
아이마켓코리아,"상사,자본재",122900
코엔텍,"상사,자본재",29960
현대이지웰,"상사,자본재",90850
제노코,"상사,자본재",361390
제넨바이오,"상사,자본재",72520
현대코퍼레이션,"상사,자본재",11760
나이스정보통신,"상사,자본재",36800
리파인,"상사,자본재",377450
아스트,"상사,자본재",67390
웅진,"상사,자본재",16880
휴센텍,"상사,자본재",215090
자연과환경,"상사,자본재",43910
나이스디앤비,"상사,자본재",130580
GS글로벌,"상사,자본재",1250
빅텍,"상사,자본재",65450
켄코아에어로스페이스,"상사,자본재",274090
에이트원,"상사,자본재",230980
한국기업평가,"상사,자본재",34950
이크레더블,"상사,자본재",92130
아이쓰리시스템,"상사,자본재",214430
KTcs,"상사,자본재",58850
휴니드,"상사,자본재",5870
효성ITX,"상사,자본재",94280
KTis,"상사,자본재",58860
고려신용정보,"상사,자본재",49720
퍼스텍,"상사,자본재",10820
SCI평가정보,"상사,자본재",36120
하이즈항공,"상사,자본재",221840
누리플랜,"상사,자본재",69140
STX,"상사,자본재",11810
HMM,운송,11200
대한항공,운송,3490
현대글로비스,운송,86280
한진칼,운송,180640
CJ대한통운,운송,120
팬오션,운송,28670
아시아나항공,운송,20560
흥아해운,운송,3280
롯데렌탈,운송,89860
진에어,운송,272450
대한해운,운송,5880
한진,운송,2320
제주항공,운송,89590
현대무벡스,운송,319400
에어부산,운송,298690
티웨이항공,운송,91810
KSS해운,운송,44450
선광,운송,3100
KCTC,운송,9070
동방,운송,4140
세방,운송,4360
SK렌터카,운송,68400
와이엔텍,운송,67900
국보,운송,1140
한솔로지스틱스,운송,9180
유수홀딩스,운송,700
AJ네트웍스,운송,95570
태웅로직스,운송,124560
토탈소프트,운송,45340
한국공항,운송,5430
티웨이홀딩스,운송,4870
유성티엔에스,운송,24800
레드캡투어,운송,38390
SG&G,운송,40610
인터지스,운송,129260
한익스프레스,운송,14130
예림당,운송,36000
동양고속,운송,84670
삼일,운송,32280
천일고속,운송,650
현대차,자동차,5380
기아,자동차,270
현대모비스,자동차,12330
한국타이어앤테크놀로지,자동차,161390
한온시스템,자동차,18880
만도,자동차,204320
현대위아,자동차,11210
일진하이솔루스,자동차,271940
세방전지,자동차,4490
명신산업,자동차,9900
에스엘,자동차,5850
한국단자,자동차,25540
한국앤컴퍼니,자동차,240
금호타이어,자동차,73240
SNT모티브,자동차,64960
한라홀딩스,자동차,60980
아이에이,자동차,38880
성우하이텍,자동차,15750
금호에이치티,자동차,214330
디티알오토모티브,자동차,7340
넥센타이어,자동차,2350
코프라,자동차,126600
CBI,자동차,13720
세종공업,자동차,33530
대원강업,자동차,430
서연,자동차,7860
엠에스오토텍,자동차,123040
화신,자동차,10690
우수AMS,자동차,66590
인지컨트롤스,자동차,23800
트루윈,자동차,105550
삼기,자동차,122350
이원컴포텍,자동차,88290
우리산업,자동차,215360
모트렉스,자동차,118990
세원,자동차,234100
동아화성,자동차,41930
센트랄모텍,자동차,308170
케이엔더블유,자동차,105330
넥센,자동차,5720
영화테크,자동차,265560
피에이치에이,자동차,43370
SNT홀딩스,자동차,36530
대유플러스,자동차,300
SNT중공업,자동차,3570
HDC현대EP,자동차,89470
모토닉,자동차,9680
디아이씨,자동차,92200
대우부품,자동차,9320
아진산업,자동차,13310
서연이화,자동차,200880
유니크,자동차,11320
대유에이텍,자동차,2880
모베이스전자,자동차,12860
계양전기,자동차,12200
크린앤사이언스,자동차,45520
엔브이에이치코리아,자동차,67570
광진윈텍,자동차,90150
유니테크노,자동차,241690
유니온머티리얼,자동차,47400
삼보모터스,자동차,53700
삼성공조,자동차,6660
인팩,자동차,23810
에코플라스틱,자동차,38110
덕양산업,자동차,24900
동아타이어,자동차,282690
두올,자동차,16740
대성파인텍,자동차,104040
경창산업,자동차,24910
화승코퍼레이션,자동차,13520
영화금속,자동차,12280
코리아에프티,자동차,123410
대원산업,자동차,5710
오스템,자동차,31510
현대공업,자동차,170030
다이나믹디자인,자동차,145210
한일단조,자동차,24740
모베이스,자동차,101330
화승알앤에이,자동차,378850
지엠비코리아,자동차,13870
삼원강재,자동차,23000
한국프랜지,자동차,10100
GH신소재,자동차,130500
캐스텍코리아,자동차,71850
대성엘텍,자동차,25440
KR모터스,자동차,40
우신시스템,자동차,17370
오리엔트정공,자동차,65500
티에이치엔,자동차,19180
팬스타엔터프라이즈,자동차,54300
세원정공,자동차,21820
유성기업,자동차,2920
화신정공,자동차,126640
케이비아이동국실업,자동차,1620
한국큐빅,자동차,21650
구영테크,자동차,53270
유라테크,자동차,48430
상신브레이크,자동차,41650
영신금속,자동차,7530
핸즈코퍼레이션,자동차,143210
새론오토모티브,자동차,75180
평화산업,자동차,90080
서연탑메탈,자동차,19770
동양피스톤,자동차,92780
SJM,자동차,123700
에코캡,자동차,128540
네오티스,자동차,85910
동일고무벨트,자동차,163560
동원금속,자동차,18500
성창오토텍,자동차,80470
솔루에타,자동차,154040
풍강,자동차,93380
평화홀딩스,자동차,10770
SG글로벌,자동차,1380
우리산업홀딩스,자동차,72470
DRB동일,자동차,4840
태양금속,자동차,4100
부산주공,자동차,5030
체시스,자동차,33250
네오오토,자동차,212560
일지테크,자동차,19540
태원물산,자동차,1420
KB오토시스,자동차,24120
티피씨글로벌,자동차,130740
디젠스,자동차,113810
THE MIDONG,자동차,161570
대유에이피,자동차,290120
세동,자동차,53060
SJM홀딩스,자동차,25530
일정실업,자동차,8500
대동금속,자동차,20400
LG생활건강,"화장품,의류",51900
아모레퍼시픽,"화장품,의류",90430
코웨이,"화장품,의류",21240
F&F,"화장품,의류",383220
휠라홀딩스,"화장품,의류",81660
효성티앤씨,"화장품,의류",298020
아모레G,"화장품,의류",2790
영원무역,"화장품,의류",111770
코스맥스,"화장품,의류",192820
F&F홀딩스,"화장품,의류",7700
현대바이오,"화장품,의류",48410
한국콜마,"화장품,의류",161890
한섬,"화장품,의류",20000
현대그린푸드,"화장품,의류",5440
경동나비엔,"화장품,의류",9450
DI동일,"화장품,의류",1530
한세실업,"화장품,의류",105630
신세계인터내셔날,"화장품,의류",31430
LF,"화장품,의류",93050
아이큐어,"화장품,의류",175250
화승엔터프라이즈,"화장품,의류",241590
라파스,"화장품,의류",214260
더네이쳐홀딩스,"화장품,의류",298540
크리스에프앤씨,"화장품,의류",110790
영원무역홀딩스,"화장품,의류",9970
신성델타테크,"화장품,의류",65350
화승인더,"화장품,의류",6060
한국콜마홀딩스,"화장품,의류",24720
쿠쿠홈시스,"화장품,의류",284740
골프존뉴딘홀딩스,"화장품,의류",121440
코웰패션,"화장품,의류",33290
현대바이오랜드,"화장품,의류",52260
애경산업,"화장품,의류",18250
브이티지엠피,"화장품,의류",18290
덕성,"화장품,의류",4830
위닉스,"화장품,의류",44340
경방,"화장품,의류",50
인바이오젠,"화장품,의류",101140
쌍방울,"화장품,의류",102280
신성통상,"화장품,의류",5390
올리패스,"화장품,의류",244460
새로닉스,"화장품,의류",42600
신원,"화장품,의류",9270
브랜드엑스코퍼레이션,"화장품,의류",337930
아가방컴퍼니,"화장품,의류",13990
삼성출판사,"화장품,의류",68290
휴비스,"화장품,의류",79980
네오팜,"화장품,의류",92730
쿠쿠홀딩스,"화장품,의류",192400
신일전자,"화장품,의류",2700
오텍,"화장품,의류",67170
일신방직,"화장품,의류",3200
제이에스코퍼레이션,"화장품,의류",194370
젬백스링크,"화장품,의류",64800
NPC,"화장품,의류",4250
국동,"화장품,의류",5320
씨앤투스성진,"화장품,의류",352700
글로본,"화장품,의류",19660
대한방직,"화장품,의류",1070
조광피혁,"화장품,의류",4700
클리오,"화장품,의류",237880
씨티케이,"화장품,의류",260930
BYC,"화장품,의류",1460
코리아나,"화장품,의류",27050
대원화성,"화장품,의류",24890
제로투세븐,"화장품,의류",159580
에스제이그룹,"화장품,의류",306040
에브리봇,"화장품,의류",270660
골드퍼시픽,"화장품,의류",38530
윌비스,"화장품,의류",8600
코스메카코리아,"화장품,의류",241710
웰바이오텍,"화장품,의류",10600
잇츠한불,"화장품,의류",226320
파세코,"화장품,의류",37070
삼익악기,"화장품,의류",2450
백산,"화장품,의류",35150
유니켐,"화장품,의류",11330
삼양통상,"화장품,의류",2170
비비안,"화장품,의류",2070
이녹스,"화장품,의류",88390
삼천리자전거,"화장품,의류",24950
한국화장품,"화장품,의류",123690
SG세계물산,"화장품,의류",4060
형지엘리트,"화장품,의류",93240
방림,"화장품,의류",3610
손오공,"화장품,의류",66910
에이블씨엔씨,"화장품,의류",78520
부방,"화장품,의류",14470
제이준코스메틱,"화장품,의류",25620
하츠,"화장품,의류",66130
엔바이오니아,"화장품,의류",317870
바른손,"화장품,의류",18700
디케이앤디,"화장품,의류",263020
한세예스24홀딩스,"화장품,의류",16450
태평양물산,"화장품,의류",7980
토박스코리아,"화장품,의류",215480
유진로봇,"화장품,의류",56080
위니아딤채,"화장품,의류",71460
엔에프씨,"화장품,의류",265740
모나미,"화장품,의류",5360
지엔코,"화장품,의류",65060
대현,"화장품,의류",16090
폴라리스우노,"화장품,의류",114630
신영와코루,"화장품,의류",5800
코스나인,"화장품,의류",82660
오로라,"화장품,의류",39830
케이엠,"화장품,의류",83550
메타랩스,"화장품,의류",90370
토니모리,"화장품,의류",214420
제이에스티나,"화장품,의류",26040
씨앤씨인터내셔널,"화장품,의류",352480
리더스코스메틱,"화장품,의류",16100
아즈텍WB,"화장품,의류",32080
아이패밀리에스씨,"화장품,의류",114840
엠에프엠코리아,"화장품,의류",323230
세화피앤씨,"화장품,의류",252500
한독크린텍,"화장품,의류",256150
한국화장품제조,"화장품,의류",3350
호전실업,"화장품,의류",111110
씨큐브,"화장품,의류",101240
코데즈컴바인,"화장품,의류",47770
인디에프,"화장품,의류",14990
원풍물산,"화장품,의류",8290
배럴,"화장품,의류",267790
전방,"화장품,의류",950
그리티,"화장품,의류",204020
에스디생명공학,"화장품,의류",217480
본느,"화장품,의류",226340
제닉,"화장품,의류",123330
선진뷰티사이언스,"화장품,의류",86710
PN풍년,"화장품,의류",24940
알톤스포츠,"화장품,의류",123750
TBH글로벌,"화장품,의류",84870
LS네트웍스,"화장품,의류",680
형지I&C,"화장품,의류",11080
코디,"화장품,의류",80530
까스텔바작,"화장품,의류",308100
한세엠케이,"화장품,의류",69640
패션플랫폼,"화장품,의류",225590
진도,"화장품,의류",88790
아우딘퓨쳐스,"화장품,의류",227610
피코그램,"화장품,의류",376180
디와이디대양,"화장품,의류",219550
양지사,"화장품,의류",30960
자이글,"화장품,의류",234920
에스티오,"화장품,의류",98660
강원랜드,"호텔,레저",35250
호텔신라,"호텔,레저",8770
하나투어,"호텔,레저",39130
파라다이스,"호텔,레저",34230
아난티,"호텔,레저",25980
롯데관광개발,"호텔,레저",32350
GKL,"호텔,레저",114090
모두투어,"호텔,레저",80160
서부T&D,"호텔,레저",6730
맘스터치,"호텔,레저",220630
신세계푸드,"호텔,레저",31440
용평리조트,"호텔,레저",70960
참좋은여행,"호텔,레저",94850
이월드,"호텔,레저",84680
노랑풍선,"호텔,레저",104620
시공테크,"호텔,레저",20710
디딤,"호텔,레저",217620
남화산업,"호텔,레저",111710
하이브,"미디어,교육",352820
CJ ENM,"미디어,교육",35760
제일기획,"미디어,교육",30000
에스엠,"미디어,교육",41510
JYP Ent.,"미디어,교육",35900
위지윅스튜디오,"미디어,교육",299900
스튜디오드래곤,"미디어,교육",253450
이노션,"미디어,교육",214320
덱스터,"미디어,교육",206560
와이지엔터테인먼트,"미디어,교육",122870
제이콘텐트리,"미디어,교육",36420
초록뱀미디어,"미디어,교육",47820
CJ CGV,"미디어,교육",79160
메가스터디교육,"미디어,교육",215200
SBS,"미디어,교육",34120
NEW,"미디어,교육",160550
YG PLUS,"미디어,교육",37270
에코마케팅,"미디어,교육",230360
에이스토리,"미디어,교육",241840
지니뮤직,"미디어,교육",43610
디앤씨미디어,"미디어,교육",263720
KMH,"미디어,교육",122450
스카이라이프,"미디어,교육",53210
엔피,"미디어,교육",291230
LG헬로비전,"미디어,교육",37560
대원미디어,"미디어,교육",48910
큐브엔터,"미디어,교육",182360
인크로스,"미디어,교육",216050
플레이그램,"미디어,교육",9810
청담러닝,"미디어,교육",96240
쇼박스,"미디어,교육",86980
SM C&C,"미디어,교육",48550
키이스트,"미디어,교육",54780
현대퓨처넷,"미디어,교육",126560
아센디오,"미디어,교육",12170
나스미디어,"미디어,교육",89600
웅진씽크빅,"미디어,교육",95720
이엔코퍼레이션,"미디어,교육",66980
디지털대성,"미디어,교육",68930
코퍼스코리아,"미디어,교육",322780
KNN,"미디어,교육",58400
메가스터디,"미디어,교육",72870
아이오케이,"미디어,교육",78860
YTN,"미디어,교육",40300
IHQ,"미디어,교육",3560
SM Life Design,"미디어,교육",63440
엔비티,"미디어,교육",236810
한국경제TV,"미디어,교육",39340
NE능률,"미디어,교육",53290
NHN벅스,"미디어,교육",104200
디지틀조선,"미디어,교육",33130
팬엔터테인먼트,"미디어,교육",68050
드림어스컴퍼니,"미디어,교육",60570
이엠넷,"미디어,교육",123570
스튜디오산타클로스,"미디어,교육",204630
멀티캠퍼스,"미디어,교육",67280
SBS미디어홀딩스,"미디어,교육",101060
에프엔씨엔터,"미디어,교육",173940
바른손이앤에이,"미디어,교육",35620
이스타코,"미디어,교육",15020
로보티즈,"미디어,교육",108490
삼화네트웍스,"미디어,교육",46390
지투알,"미디어,교육",35000
티비씨,"미디어,교육",33830
아시아경제,"미디어,교육",127710
정상제이엘에스,"미디어,교육",40420
대교,"미디어,교육",19680
판타지오,"미디어,교육",32800
아이비김영,"미디어,교육",339950
애니플러스,"미디어,교육",310200
갤럭시아에스엠,"미디어,교육",11420
YBM넷,"미디어,교육",57030
씨엠에스에듀,"미디어,교육",225330
iMBC,"미디어,교육",52220
메가엠디,"미디어,교육",133750
큐로홀딩스,"미디어,교육",51780
SBS콘텐츠허브,"미디어,교육",46140
아이스크림에듀,"미디어,교육",289010
와이즈버즈,"미디어,교육",273060
로보로보,"미디어,교육",215100
비상교육,"미디어,교육",100220
씨씨에스,"미디어,교육",66790
오리콤,"미디어,교육",10470
이퓨쳐,"미디어,교육",134060
플레이디,"미디어,교육",237820
이마트,소매(유통),139480
신세계,소매(유통),4170
BGF리테일,소매(유통),282330
GS리테일,소매(유통),7070
롯데쇼핑,소매(유통),23530
현대백화점,소매(유통),69960
현대홈쇼핑,소매(유통),57050
서울옥션,소매(유통),63170
케이카,소매(유통),381970
인터파크,소매(유통),35080
롯데하이마트,소매(유통),71840
다나와,소매(유통),119860
엔에스쇼핑,소매(유통),138250
BGF,소매(유통),27410
코리아센터,소매(유통),290510
큐렉소,소매(유통),60280
도이치모터스,소매(유통),67990
케이티알파,소매(유통),36030
광주신세계,소매(유통),37710
예스24,소매(유통),53280
실리콘투,소매(유통),257720
대명소노시즌,소매(유통),7720
대구백화점,소매(유통),6370
세이브존I&C,소매(유통),67830
베뉴지,소매(유통),19010
씨유메디칼,소매(유통),115480
이상네트웍스,소매(유통),80010
비케이탑스,소매(유통),30790
아이에스이커머스,소매(유통),69920
YW,소매(유통),51390
KT&G,필수소비재,33780
CJ제일제당,필수소비재,97950
오리온,필수소비재,271560
메지온,필수소비재,140410
동서,필수소비재,26960
하이트진로,필수소비재,80
농심,필수소비재,4370
롯데지주,필수소비재,4990
넥스트사이언스,필수소비재,3580
오뚜기,필수소비재,7310
롯데칠성,필수소비재,5300
대상,필수소비재,1680
삼양홀딩스,필수소비재,70
삼양식품,필수소비재,3230
오리온홀딩스,필수소비재,1800
하림지주,필수소비재,3380
빙그레,필수소비재,5180
에이비프로바이오,필수소비재,195990
동원산업,필수소비재,6040
풀무원,필수소비재,17810
매일유업,필수소비재,267980
동원F&B,필수소비재,49770
삼양사,필수소비재,145990
지어소프트,필수소비재,51160
이지홀딩스,필수소비재,35810
CJ프레시웨이,필수소비재,51500
롯데제과,필수소비재,280360
남양유업,필수소비재,3920
대한제분,필수소비재,1130
롯데푸드,필수소비재,2270
선진,필수소비재,136490
대한제당,필수소비재,1790
SPC삼립,필수소비재,5610
하림,필수소비재,136480
농심홀딩스,필수소비재,72710
대상홀딩스,필수소비재,84690
제주맥주,필수소비재,276730
사조산업,필수소비재,7160
이지바이오,필수소비재,353810
서울식품,필수소비재,4410
무학,필수소비재,33920
블루베리 NFT,필수소비재,44480
보해양조,필수소비재,890
팜스코,필수소비재,36580
에이치피오,필수소비재,357230
교촌에프앤비,필수소비재,339770
하이트진로홀딩스,필수소비재,140
팜스토리,필수소비재,27710
TS트릴리온,필수소비재,317240
사조대림,필수소비재,3960
보락,필수소비재,2760
우리손에프앤지,필수소비재,73560
창해에탄올,필수소비재,4650
마니커,필수소비재,27740
샘표식품,필수소비재,248170
국순당,필수소비재,43650
CJ씨푸드,필수소비재,11150
모나리자,필수소비재,12690
진로발효,필수소비재,18120
사조동아원,필수소비재,8040
풍국주정,필수소비재,23900
신라교역,필수소비재,4970
해태제과식품,필수소비재,101530
마니커에프앤지,필수소비재,195500
현대코퍼레이션홀딩스,필수소비재,227840
흥국에프엔비,필수소비재,189980
푸드나무,필수소비재,290720
정다운,필수소비재,208140
크라운해태홀딩스,필수소비재,5740
네오크레마,필수소비재,311390
비비씨,필수소비재,318410
인산가,필수소비재,277410
대주산업,필수소비재,3310
한국맥널티,필수소비재,222980
에스앤디,필수소비재,260970
크라운제과,필수소비재,264900
한일사료,필수소비재,5860
우성,필수소비재,6980
고려산업,필수소비재,2140
사조씨푸드,필수소비재,14710
조흥,필수소비재,2600
동우팜투테이블,필수소비재,88910
우양,필수소비재,103840
샘표,필수소비재,7540
한국가구,필수소비재,4590
매일홀딩스,필수소비재,5990
케이엠제약,필수소비재,225430
푸드웰,필수소비재,5670
사조오양,필수소비재,6090
동원수산,필수소비재,30720
MH에탄올,필수소비재,23150
케이씨피드,필수소비재,25880
엠에스씨,필수소비재,9780
미래생명자원,필수소비재,218150
현대사료,필수소비재,16790
신송홀딩스,필수소비재,6880
태양,필수소비재,53620
삼정펄프,필수소비재,9770
보라티알,필수소비재,250000
신라에스지,필수소비재,25870
한성기업,필수소비재,3680
체리부로,필수소비재,66360
한탑,필수소비재,2680
셀트리온,건강관리,68270
삼성바이오로직스,건강관리,207940
셀트리온헬스케어,건강관리,91990
SK바이오사이언스,건강관리,302440
유한양행,건강관리,100
알테오젠,건강관리,196170
셀트리온제약,건강관리,68760
에스디바이오센서,건강관리,137310
씨젠,건강관리,96530
한미약품,건강관리,128940
SK바이오팜,건강관리,326030
신풍제약,건강관리,19170
오스템임플란트,건강관리,48260
제넥신,건강관리,95700
진원생명과학,건강관리,11000
녹십자,건강관리,6280
한미사이언스,건강관리,8930
유바이오로직스,건강관리,206650
에이치엘비생명과학,건강관리,67630
레고켐바이오,건강관리,141080
바이오니아,건강관리,64550
휴젤,건강관리,145020
네이처셀,건강관리,7390
종근당,건강관리,185750
에스티팜,건강관리,237690
지씨셀,건강관리,144510
차바이오텍,건강관리,85660
오스코텍,건강관리,39200
메드팩토,건강관리,235980
압타바이오,건강관리,293780
한올바이오파마,건강관리,9420
부광약품,건강관리,3000
에이비엘바이오,건강관리,298380
헬릭스미스,건강관리,84990
메디톡스,건강관리,86900
대웅,건강관리,3090
셀리버리,건강관리,268600
한국비엔씨,건강관리,256840
엔지켐생명과학,건강관리,183490
대웅제약,건강관리,69620
삼천당제약,건강관리,250
박셀바이오,건강관리,323990
엔케이맥스,건강관리,182400
녹십자홀딩스,건강관리,5250
인트론바이오,건강관리,48530
HK이노엔,건강관리,195940
휴마시스,건강관리,205470
엘앤씨바이오,건강관리,290650
아미코젠,건강관리,92040
동국제약,건강관리,86450
국전약품,건강관리,307750
이오플로우,건강관리,294090
안트로젠,건강관리,65660
유나이티드제약,건강관리,33270
파마리서치,건강관리,214450
콜마비앤에이치,건강관리,200130
지놈앤컴퍼니,건강관리,314130
바이넥스,건강관리,53030
크리스탈지노믹스,건강관리,83790
보령제약,건강관리,3850
영진약품,건강관리,3520
일양약품,건강관리,7570
티앤알바이오팹,건강관리,246710
지트리비앤티,건강관리,115450
CMG제약,건강관리,58820
덴티움,건강관리,145720
동아쏘시오홀딩스,건강관리,640
셀리드,건강관리,299660
올릭스,건강관리,226950
동아에스티,건강관리,170900
아이진,건강관리,185490
디오,건강관리,39840
메디포스트,건강관리,78160
코미팜,건강관리,41960
아이센스,건강관리,99190
루트로닉,건강관리,85370
제이시스메디칼,건강관리,287410
삼성제약,건강관리,1360
휴온스,건강관리,243070
프레스티지바이오로직스,건강관리,334970
싸이토젠,건강관리,217330
제테마,건강관리,216080
JW중외제약,건강관리,1060
에이치엘비제약,건강관리,47920
뷰웍스,건강관리,100120
마크로젠,건강관리,38290
삼진제약,건강관리,5500
바디텍메드,건강관리,206640
이연제약,건강관리,102460
피씨엘,건강관리,241820
바텍,건강관리,43150
바이젠셀,건강관리,308080
동화약품,건강관리,20
레이,건강관리,228670
인트로메딕,건강관리,150840
인바디,건강관리,41830
인터로조,건강관리,119610
큐라클,건강관리,365270
랩지노믹스,건강관리,84650
바이오플러스,건강관리,99430
광동제약,건강관리,9290
시너지이노베이션,건강관리,48870
코아스템,건강관리,166480
종근당홀딩스,건강관리,1630
휴온스글로벌,건강관리,84110
서흥,건강관리,8490
케어젠,건강관리,214370
카이노스메드,건강관리,284620
에이프로젠제약,건강관리,3060
대원제약,건강관리,3220
유틸렉스,건강관리,263050
이수앱지스,건강관리,86890
고바이오랩,건강관리,348150
환인제약,건강관리,16580
나이벡,건강관리,138610
펩트론,건강관리,87010
앱클론,건강관리,174900
바이오리더스,건강관리,142760
퓨쳐켐,건강관리,220100
유비케어,건강관리,32620
지노믹트리,건강관리,228760
EDGC,건강관리,245620
제일약품,건강관리,271980
한독,건강관리,2390
경동제약,건강관리,11040
수젠텍,건강관리,253840
테라젠이텍스,건강관리,66700
진매트릭스,건강관리,109820
차백신연구소,건강관리,261780
씨티씨바이오,건강관리,60590
티앤엘,건강관리,340570
일동제약,건강관리,249420
동성제약,건강관리,2210
한국파마,건강관리,32300
이지케어텍,건강관리,99750
천랩,건강관리,311690
셀바스AI,건강관리,108860
한컴라이프케어,건강관리,372910
바이오솔루션,건강관리,86820
에이비온,건강관리,203400
피플바이오,건강관리,304840
팜젠사이언스,건강관리,4720
에스씨엠생명과학,건강관리,298060
아미노로직스,건강관리,74430
나노엔텍,건강관리,39860
클래시스,건강관리,214150
파멥신,건강관리,208340
노바렉스,건강관리,194700
종근당바이오,건강관리,63160
하나제약,건강관리,293480
휴메딕스,건강관리,200670
엘앤케이바이오,건강관리,156100
브릿지바이오테라퓨틱스,건강관리,288330
케어랩스,건강관리,263700
명문제약,건강관리,17180
뷰노,건강관리,338220
동구바이오제약,건강관리,6620
대화제약,건강관리,67080
대한약품,건강관리,23910
서린바이오,건강관리,38070
코렌텍,건강관리,104540
퀀타매트릭스,건강관리,317690
강스템바이오텍,건강관리,217730
JW신약,건강관리,67290
파나진,건강관리,46210
제노포커스,건강관리,187420
클리노믹스,건강관리,352770
엔젠바이오,건강관리,354200
일신바이오,건강관리,68330
비트컴퓨터,건강관리,32850
화일약품,건강관리,61250
신테카바이오,건강관리,226330
현대약품,건강관리,4310
쎌바이오텍,건강관리,49960
티움바이오,건강관리,321550
미코바이오메드,건강관리,214610
비올,건강관리,335890
피에이치씨,건강관리,57880
리메드,건강관리,302550
압타머사이언스,건강관리,291650
테고사이언스,건강관리,191420
멕아이씨에스,건강관리,58110
바이오톡스텍,건강관리,86040
중앙백신,건강관리,72020
대한뉴팜,건강관리,54670
뉴트리,건강관리,270870
오리엔트바이오,건강관리,2630
한스바이오메드,건강관리,42520
조아제약,건강관리,34940
녹십자웰빙,건강관리,234690
인피니트헬스케어,건강관리,71200
제노레이,건강관리,122310
제이브이엠,건강관리,54950
제놀루션,건강관리,225220
넥스트BT,건강관리,65170
덴티스,건강관리,261200
젠큐릭스,건강관리,229000
에스텍파마,건강관리,41910
마이크로디지탈,건강관리,305090
바이오다인,건강관리,314930
프로스테믹스,건강관리,203690
프롬바이오,건강관리,377220
셀루메드,건강관리,49180
노터스,건강관리,278650
프리시젼바이오,건강관리,335810
디알텍,건강관리,214680
경보제약,건강관리,214390
코스맥스엔비티,건강관리,222040
지니너스,건강관리,389030
솔본,건강관리,35610
켐온,건강관리,217600
셀레믹스,건강관리,331920
농우바이오,건강관리,54050
비씨월드제약,건강관리,200780
세운메디칼,건강관리,100700
디알젬,건강관리,263690
디에이치피코리아,건강관리,131030
옵티팜,건강관리,153710
휴비츠,건강관리,65510
더블유에스아이,건강관리,299170
세종메디칼,건강관리,258830
유유제약,건강관리,220
녹십자엠에스,건강관리,142280
신일제약,건강관리,12790
바이온,건강관리,32980
제일바이오,건강관리,52670
경남제약,건강관리,53950
레이언스,건강관리,228850
제일파마홀딩스,건강관리,2620
제이엘케이,건강관리,322510
솔고바이오,건강관리,43100
한주케미칼앤홀딩스,건강관리,43090
일동홀딩스,건강관리,230
국제약품,건강관리,2720
위더스제약,건강관리,330350
에이치엘사이언스,건강관리,239610
알리코제약,건강관리,260660
팬젠,건강관리,222110
이글벳,건강관리,44960
애니젠,건강관리,196300
라이프시맨틱스,건강관리,347700
코스맥스비티아이,건강관리,44820
지더블유바이텍,건강관리,36180
삼일제약,건강관리,520
진시스템,건강관리,363250
하이텍팜,건강관리,106190
엠아이텍,건강관리,179290
한국유니온제약,건강관리,80720
원바이오젠,건강관리,307280
에이프로젠 H&G,건강관리,109960
메타바이오메드,건강관리,59210
일성신약,건강관리,3120
진양제약,건강관리,7370
디엔에이링크,건강관리,127120
안국약품,건강관리,1540
KPX생명과학,건강관리,114450
메디아나,건강관리,41920
이루다,건강관리,164060
비피도,건강관리,238200
고려제약,건강관리,14570
신신제약,건강관리,2800
피엔케이피부임상연구센타,건강관리,347740
우진비앤지,건강관리,18620
모비스,건강관리,250060
우정바이오,건강관리,215380
이노테라피,건강관리,246960
대봉엘에스,건강관리,78140
지엘팜텍,건강관리,204840
대한과학,건강관리,131220
아시아종묘,건강관리,154030
원익,건강관리,32940
네오펙트,건강관리,290660
오스테오닉,건강관리,226400
하이로닉,건강관리,149980
피제이전자,건강관리,6140
얼라인드,건강관리,238120
대성미생물,건강관리,36480
삼아제약,건강관리,9300
휴럼,건강관리,353190
에이디엠코리아,건강관리,187660
유앤아이,건강관리,56090
아스타,건강관리,246720
진바이오텍,건강관리,86060
서울제약,건강관리,18680
신흥,건강관리,4080
서울리거,건강관리,43710
팜스빌,건강관리,318010
셀바스헬스케어,건강관리,208370
드림씨아이에스,건강관리,223250
KB금융,은행,105560
신한지주,은행,55550
하나금융지주,은행,86790
카카오뱅크,은행,323410
우리금융지주,은행,316140
기업은행,은행,24110
BNK금융지주,은행,138930
DGB금융지주,은행,139130
JB금융지주,은행,175330
삼성카드,은행,29780
우리기술투자,은행,41190
한국토지신탁,은행,34830
우리종금,은행,10050
상상인,은행,38540
SK디앤디,은행,210980
한국자산신탁,은행,123890
에이티넘인베스트,은행,21080
아주IB투자,은행,27360
SBI인베스트먼트,은행,19550
대덕,은행,8060
리드코프,은행,12700
미래에셋벤처투자,은행,100790
SV인베스트먼트,은행,289080
DSC인베스트먼트,은행,241520
글로벌텍스프리,은행,204620
엠벤처투자,은행,19590
한창,은행,5110
대성창투,은행,27830
ES큐브,은행,50120
큐캐피탈,은행,16600
TS인베스트먼트,은행,246690
한국캐피탈,은행,23760
메이슨캐피탈,은행,21880
비투엔,은행,307870
리더스 기술투자,은행,19570
컴퍼니케이,은행,307930
푸른저축은행,은행,7330
CNH,은행,23460
제주은행,은행,6220
나우IB,은행,293580
린드먼아시아,은행,277070
한국금융지주,증권,71050
미래에셋증권,증권,6800
삼성증권,증권,16360
NH투자증권,증권,5940
메리츠증권,증권,8560
키움증권,증권,39490
한화투자증권,증권,3530
대신증권,증권,3540
유안타증권,증권,3470
SK증권,증권,1510
KTB투자증권,증권,30210
유진투자증권,증권,1200
신영증권,증권,1720
현대차증권,증권,1500
다우데이타,증권,32190
DB금융투자,증권,16610
교보증권,증권,30610
이베스트투자증권,증권,78020
한양증권,증권,1750
부국증권,증권,1270
유화증권,증권,3460
코리아에셋투자증권,증권,190650
상상인증권,증권,1290
삼성화재,보험,810
삼성생명,보험,32830
DB손해보험,보험,5830
현대해상,보험,1450
메리츠화재,보험,60
메리츠금융지주,보험,138040
한화,보험,880
한화생명,보험,88350
코리안리,보험,3690
동양생명,보험,82640
한화손해보험,보험,370
미래에셋생명,보험,85620
에이플러스에셋,보험,244920
롯데손해보험,보험,400
흥국화재,보험,540
NAVER,소프트웨어,35420
카카오,소프트웨어,35720
크래프톤,소프트웨어,259960
엔씨소프트,소프트웨어,36570
카카오페이,소프트웨어,377300
삼성에스디에스,소프트웨어,18260
위메이드,소프트웨어,112040
펄어비스,소프트웨어,263750
넷마블,소프트웨어,251270
카카오게임즈,소프트웨어,293490
아프리카TV,소프트웨어,67160
더존비즈온,소프트웨어,12510
컴투스,소프트웨어,78340
데브시스터즈,소프트웨어,194480
NHN,소프트웨어,181710
NHN한국사이버결제,소프트웨어,60250
다날,소프트웨어,64260
현대오토에버,소프트웨어,307950
게임빌,소프트웨어,63080
웹젠,소프트웨어,69080
자이언트스텝,소프트웨어,289220
다우기술,소프트웨어,23590
더블유게임즈,소프트웨어,192080
골프존,소프트웨어,215000
한글과컴퓨터,소프트웨어,30520
디어유,소프트웨어,376300
맥스트,소프트웨어,377030
안랩,소프트웨어,53800
조이시티,소프트웨어,67000
카페24,소프트웨어,42000
넵튠,소프트웨어,217270
네오위즈,소프트웨어,95660
대아티아이,소프트웨어,45390
쿠콘,소프트웨어,294570
포스코 ICT,소프트웨어,22100
알체라,소프트웨어,347860
KG이니시스,소프트웨어,35600
원티드랩,소프트웨어,376980
갤럭시아머니트리,소프트웨어,94480
키다리스튜디오,소프트웨어,20120
네오위즈홀딩스,소프트웨어,42420
엠게임,소프트웨어,58630
웹케시,소프트웨어,53580
알서포트,소프트웨어,131370
미투온,소프트웨어,201490
액션스퀘어,소프트웨어,205500
넷게임즈,소프트웨어,225570
넥슨지티,소프트웨어,41140
신세계 I&C,소프트웨어,35510
버킷스튜디오,소프트웨어,66410
롯데정보통신,소프트웨어,286940
키네마스터,소프트웨어,139670
민앤지,소프트웨어,214180
KG모빌리언스,소프트웨어,46440
바이브컴퍼니,소프트웨어,301300
한국정보인증,소프트웨어,53300
케이아이엔엑스,소프트웨어,93320
세틀뱅크,소프트웨어,234340
FSN,소프트웨어,214270
한컴MDS,소프트웨어,86960
룽투코리아,소프트웨어,60240
씨이랩,소프트웨어,189330
드림시큐리티,소프트웨어,203650
한컴위드,소프트웨어,54920
오비고,소프트웨어,352910
선데이토즈,소프트웨어,123420
티사이언티픽,소프트웨어,57680
가비아,소프트웨어,79940
라온시큐어,소프트웨어,42510
큐로컴,소프트웨어,40350
비트나인,소프트웨어,357880
핑거,소프트웨어,163730
케이사인,소프트웨어,192250
딥노이드,소프트웨어,315640
이스트소프트,소프트웨어,47560
엠로,소프트웨어,58970
한국전자인증,소프트웨어,41460
비즈니스온,소프트웨어,138580
우리들휴브레인,소프트웨어,118000
플래티어,소프트웨어,367000
폴라리스오피스,소프트웨어,41020
DB,소프트웨어,12030
네오리진,소프트웨어,94860
이노뎁,소프트웨어,303530
솔트룩스,소프트웨어,304100
에스트래픽,소프트웨어,234300
윈스,소프트웨어,136540
THE E&M,소프트웨어,89230
오상자이엘,소프트웨어,53980
와이더플래닛,소프트웨어,321820
베노홀딩스,소프트웨어,206400
한국전자금융,소프트웨어,63570
엑셈,소프트웨어,205100
플리토,소프트웨어,300080
모비릭스,소프트웨어,348030
엔텔스,소프트웨어,69410
아톤,소프트웨어,158430
한빛소프트,소프트웨어,47080
미스터블루,소프트웨어,207760
콤텍시스템,소프트웨어,31820
파수,소프트웨어,150900
플레이위드,소프트웨어,23770
액토즈소프트,소프트웨어,52790
오픈베이스,소프트웨어,49480
투비소프트,소프트웨어,79970
캐리소프트,소프트웨어,317530
아이티센,소프트웨어,124500
나무기술,소프트웨어,242040
드래곤플라이,소프트웨어,30350
케이엘넷,소프트웨어,39420
시티랩스,소프트웨어,139050
정원엔시스,소프트웨어,45510
에프앤가이드,소프트웨어,64850
줌인터넷,소프트웨어,239340
소프트센,소프트웨어,32680
아이퀘스트,소프트웨어,262840
브레인즈컴퍼니,소프트웨어,99390
인포뱅크,소프트웨어,39290
디지캡,소프트웨어,197140
위세아이텍,소프트웨어,65370
이씨에스,소프트웨어,67010
링크제니시스,소프트웨어,219420
이글루시큐리티,소프트웨어,67920
플랜티넷,소프트웨어,75130
영림원소프트랩,소프트웨어,60850
링네트,소프트웨어,42500
미디어젠,소프트웨어,279600
누리플렉스,소프트웨어,40160
미래아이앤지,소프트웨어,7120
핸디소프트,소프트웨어,220180
소프트캠프,소프트웨어,258790
수산아이앤티,소프트웨어,50960
한네트,소프트웨어,52600
유엔젤,소프트웨어,72130
이루온,소프트웨어,65440
이니텍,소프트웨어,53350
알티캐스트,소프트웨어,85810
서호전기,소프트웨어,65710
브리지텍,소프트웨어,64480
SGA,소프트웨어,49470
한일네트웍스,소프트웨어,46110
지니언스,소프트웨어,263860
인포바인,소프트웨어,115310
아시아나IDT,소프트웨어,267850
대신정보통신,소프트웨어,20180
이삭엔지니어링,소프트웨어,351330
시큐브,소프트웨어,131090
리노스,소프트웨어,39980
SGA솔루션즈,소프트웨어,184230
쌍용정보통신,소프트웨어,10280
아이티아이즈,소프트웨어,372800
텔코웨어,소프트웨어,78000
포시에스,소프트웨어,189690
데이타솔루션,소프트웨어,263800
휴네시온,소프트웨어,290270
모바일리더,소프트웨어,100030
지란지교시큐리티,소프트웨어,208350
케이씨에스,소프트웨어,115500
로지시스,소프트웨어,67730
티라유텍,소프트웨어,322180
한솔인티큐브,소프트웨어,70590
싸이버원,소프트웨어,356890
엠브레인,소프트웨어,169330
오파스넷,소프트웨어,173130
에스에스알,소프트웨어,275630
네이블,소프트웨어,153460
삼성전기,IT하드웨어,9150
LG이노텍,IT하드웨어,11070
일진머티리얼즈,IT하드웨어,20150
대주전자재료,IT하드웨어,78600
솔루스첨단소재,IT하드웨어,336370
고영,IT하드웨어,98460
케이엠더블유,IT하드웨어,32500
솔루엠,IT하드웨어,248070
다원시스,IT하드웨어,68240
심텍,IT하드웨어,222800
대덕전자,IT하드웨어,353200
파크시스템스,IT하드웨어,140860
엠씨넥스,IT하드웨어,97520
상아프론테크,IT하드웨어,89980
이녹스첨단소재,IT하드웨어,272290
서진시스템,IT하드웨어,178320
RFHIC,IT하드웨어,218410
비에이치,IT하드웨어,90460
에이스테크,IT하드웨어,88800
KH바텍,IT하드웨어,60720
파트론,IT하드웨어,91700
인텔리안테크,IT하드웨어,189300
파인테크닉스,IT하드웨어,106240
쏠리드,IT하드웨어,50890
뉴지랩파마,IT하드웨어,214870
아이티엠반도체,IT하드웨어,84850
이엠텍,IT하드웨어,91120
코나아이,IT하드웨어,52400
나노스,IT하드웨어,151910
인탑스,IT하드웨어,49070
에스맥,IT하드웨어,97780
에스티큐브,IT하드웨어,52020
드림텍,IT하드웨어,192650
오이솔루션,IT하드웨어,138080
텔콘RF제약,IT하드웨어,200230
에스에이엠티,IT하드웨어,31330
에치에프알,IT하드웨어,230240
우리기술,IT하드웨어,32820
코리아써키트,IT하드웨어,7810
이랜텍,IT하드웨어,54210
하이비젼시스템,IT하드웨어,126700
다산네트웍스,IT하드웨어,39560
자화전자,IT하드웨어,33240
이노와이어리스,IT하드웨어,73490
아모텍,IT하드웨어,52710
이수페타시스,IT하드웨어,7660
세경하이테크,IT하드웨어,148150
시노펙스,IT하드웨어,25320
와이솔,IT하드웨어,122990
영풍,IT하드웨어,670
하나기술,IT하드웨어,299030
옵트론텍,IT하드웨어,82210
코아시아,IT하드웨어,45970
인터플렉스,IT하드웨어,51370
상신이디피,IT하드웨어,91580
신도리코,IT하드웨어,29530
와이팜,IT하드웨어,332570
이트론,IT하드웨어,96040
알에프텍,IT하드웨어,61040
슈피겐코리아,IT하드웨어,192440
앤디포스,IT하드웨어,238090
포인트모바일,IT하드웨어,318020
우주일렉트로,IT하드웨어,65680
에이텍,IT하드웨어,45660
유비쿼스,IT하드웨어,264450
노바텍,IT하드웨어,285490
아이디스,IT하드웨어,143160
잉크테크,IT하드웨어,49550
와이제이엠게임즈,IT하드웨어,193250
릭스솔루션,IT하드웨어,29480
유티아이,IT하드웨어,179900
에이프로,IT하드웨어,262260
유비쿼스홀딩스,IT하드웨어,78070
써니전자,IT하드웨어,4770
슈프리마,IT하드웨어,236200
동운아나텍,IT하드웨어,94170
바이오로그디바이스,IT하드웨어,208710
라온피플,IT하드웨어,300120
얍엑스,IT하드웨어,60230
캠시스,IT하드웨어,50110
인성정보,IT하드웨어,33230
삼지전자,IT하드웨어,37460
엔시스,IT하드웨어,333620
센코,IT하드웨어,347000
제이앤티씨,IT하드웨어,204270
디케이티,IT하드웨어,290550
블루콤,IT하드웨어,33560
나무가,IT하드웨어,190510
세코닉스,IT하드웨어,53450
알엔투테크놀로지,IT하드웨어,148250
율호,IT하드웨어,72770
이즈미디어,IT하드웨어,181340
에스코넥,IT하드웨어,96630
코아시아옵틱스,IT하드웨어,196450
메디프론,IT하드웨어,65650
디스플레이텍,IT하드웨어,66670
뉴프렉스,IT하드웨어,85670
매커스,IT하드웨어,93520
라이트론,IT하드웨어,69540
AP위성,IT하드웨어,211270
아모그린텍,IT하드웨어,125210
에이루트,IT하드웨어,96690
옵티시스,IT하드웨어,109080
피씨디렉트,IT하드웨어,51380
에스넷,IT하드웨어,38680
아모센스,IT하드웨어,357580
심텍홀딩스,IT하드웨어,36710
에이텍티앤,IT하드웨어,224110
유비벨록스,IT하드웨어,89850
재영솔루텍,IT하드웨어,49630
제이씨현시스템,IT하드웨어,33320
아이씨케이,IT하드웨어,68940
바이오스마트,IT하드웨어,38460
옴니시스템,IT하드웨어,57540
파이오링크,IT하드웨어,170790
광전자,IT하드웨어,17900
유일에너테크,IT하드웨어,340930
아이디스홀딩스,IT하드웨어,54800
에이치시티,IT하드웨어,72990
모다이노칩,IT하드웨어,80420
앱코,IT하드웨어,129890
빅솔론,IT하드웨어,93190
엔에스엔,IT하드웨어,31860
브이원텍,IT하드웨어,251630
라닉스,IT하드웨어,317120
이브이첨단소재,IT하드웨어,131400
푸른기술,IT하드웨어,94940
서원인텍,IT하드웨어,93920
해성옵틱스,IT하드웨어,76610
인콘,IT하드웨어,83640
엠투아이,IT하드웨어,347890
남성,IT하드웨어,4270
다보링크,IT하드웨어,340360
멜파스,IT하드웨어,96640
장원테크,IT하드웨어,174880
아이즈비전,IT하드웨어,31310
덕우전자,IT하드웨어,263600
카스,IT하드웨어,16920
이노인스트루먼트,IT하드웨어,215790
액트로,IT하드웨어,290740
코위버,IT하드웨어,56360
백금T&A,IT하드웨어,46310
머큐리,IT하드웨어,100590
아이앤씨,IT하드웨어,52860
아이크래프트,IT하드웨어,52460
주연테크,IT하드웨어,44380
현우산업,IT하드웨어,92300
에스에이티,IT하드웨어,60540
EMW,IT하드웨어,79190
CS,IT하드웨어,65770
엘컴텍,IT하드웨어,37950
케이씨티,IT하드웨어,89150
위드텍,IT하드웨어,348350
RF머트리얼즈,IT하드웨어,327260
현대에이치티,IT하드웨어,39010
THQ,IT하드웨어,192410
디티앤씨,IT하드웨어,187220
유니온커뮤니티,IT하드웨어,203450
코콤,IT하드웨어,15710
삼영에스앤씨,IT하드웨어,361670
한일진공,IT하드웨어,123840
씨유테크,IT하드웨어,376290
코맥스,IT하드웨어,36690
우리넷,IT하드웨어,115440
슈프리마에이치큐,IT하드웨어,94840
S&K폴리텍,IT하드웨어,91340
아이엠,IT하드웨어,101390
에이엔피,IT하드웨어,15260
딜리,IT하드웨어,131180
포커스에이치엔에스,IT하드웨어,331380
상신전자,IT하드웨어,263810
삼양옵틱스,IT하드웨어,225190
디에이피,IT하드웨어,66900
알에프세미,IT하드웨어,96610
에이치앤비디자인,IT하드웨어,227100
성우전자,IT하드웨어,81580
윈텍,IT하드웨어,320000
에스텍,IT하드웨어,69510
유아이엘,IT하드웨어,49520
엔피디,IT하드웨어,198080
빛샘전자,IT하드웨어,72950
에프알텍,IT하드웨어,73540
삼화전자,IT하드웨어,11230
기산텔레콤,IT하드웨어,35460
피피아이,IT하드웨어,62970
씨아이테크,IT하드웨어,4920
한국정보공학,IT하드웨어,39740
대동전자,IT하드웨어,8110
엑스큐어,IT하드웨어,70300
파커스,IT하드웨어,65690
슈프리마아이디,IT하드웨어,317770
텔레필드,IT하드웨어,91440
아이디피,IT하드웨어,332370
이랜시스,IT하드웨어,264850
육일씨엔에쓰,IT하드웨어,191410
인터엠,IT하드웨어,17250
디지아이,IT하드웨어,43360
모아텍,IT하드웨어,33200
동일기연,IT하드웨어,32960
삼성전자,반도체,5930
SK하이닉스,반도체,660
DB하이텍,반도체,990
리노공업,반도체,58470
동진쎄미켐,반도체,5290
원익IPS,반도체,240810
솔브레인,반도체,357780
이오테크닉스,반도체,39030
하나마이크론,반도체,67310
한미반도체,반도체,42700
유진테크,반도체,84370
티씨케이,반도체,64760
하나머티리얼즈,반도체,166090
네패스,반도체,33640
SFA반도체,반도체,36540
젬백스,반도체,82270
주성엔지니어링,반도체,36930
에스앤에스텍,반도체,101490
해성디에스,반도체,195870
테스나,반도체,131970
유니테스트,반도체,86390
솔브레인홀딩스,반도체,36830
코미코,반도체,183300
피에스케이,반도체,319660
원익QnC,반도체,74600
테스,반도체,95610
에프에스티,반도체,36810
엘비세미콘,반도체,61970
KEC,반도체,92220
미코,반도체,59090
오킨스전자,반도체,80580
넥스틴,반도체,348210
테크윙,반도체,89030
신성이엔지,반도체,11930
엠케이전자,반도체,33160
유니셈,반도체,36200
월덱스,반도체,101160
ISC,반도체,95340
에이피티씨,반도체,89970
인텍플러스,반도체,64290
에이디테크놀로지,반도체,200710
티에스이,반도체,131290
케이씨텍,반도체,281820
GST,반도체,83450
원익홀딩스,반도체,30530
디엔에프,반도체,92070
피에스케이홀딩스,반도체,31980
에스티아이,반도체,39440
뉴파워프라즈마,반도체,144960
엘오티베큠,반도체,83310
어보브반도체,반도체,102120
예스티,반도체,122640
제주반도체,반도체,80220
프로텍,반도체,53610
디아이,반도체,3160
유니퀘스트,반도체,77500
케이씨,반도체,29460
아이원스,반도체,114810
텔레칩스,반도체,54450
아이텍,반도체,119830
네패스아크,반도체,330860
와이아이케이,반도체,232140
제우스,반도체,79370
덕산하이메탈,반도체,77360
코세스,반도체,89890
기가레인,반도체,49080
칩스앤미디어,반도체,94360
오션브릿지,반도체,241790
엔투텍,반도체,227950
싸이맥스,반도체,160980
큐에스아이,반도체,66310
시스웍,반도체,269620
라온테크,반도체,232680
시그네틱스,반도체,33170
엑시콘,반도체,92870
한양디지텍,반도체,78350
오로스테크놀로지,반도체,322310
에이팩트,반도체,200470
마이크로컨텍솔,반도체,98120
샘씨엔에스,반도체,252990
나인테크,반도체,267320
윈팩,반도체,97800
씨앤지하이테크,반도체,264660
지니틱스,반도체,303030
제이티,반도체,89790
아진엑스텍,반도체,59120
엘비루셈,반도체,376190
지앤비에스엔지니어링,반도체,382800
폴라리스웍스,반도체,123010
다믈멀티미디어,반도체,93640
마이크로프랜드,반도체,147760
서플러스글로벌,반도체,140070
한국전자홀딩스,반도체,6200
KMH하이텍,반도체,52900
알파홀딩스,반도체,117670
WI,반도체,73570
코디엠,반도체,224060
미래산업,반도체,25560
유니트론텍,반도체,142210
오디텍,반도체,80520
앤씨앤,반도체,92600
네온테크,반도체,306620
성도이엔지,반도체,37350
러셀,반도체,217500
지오엘리먼트,반도체,311320
메카로,반도체,241770
휘닉스소재,반도체,50090
티엘비,반도체,356860
램테크놀러지,반도체,171010
타이거일렉,반도체,219130
제너셈,반도체,217190
픽셀플러스,반도체,87600
엑사이엔씨,반도체,54940
피델릭스,반도체,32580
네오셈,반도체,253590
바이옵트로,반도체,222160
피에스엠씨,반도체,24850
에이티세미콘,반도체,89530
성우테크론,반도체,45300
삼성SDI,IT가전,6400
LG전자,IT가전,66570
에코프로비엠,IT가전,247540
엘앤에프,IT가전,66970
SK아이이테크놀로지,IT가전,361610
두산퓨얼셀,IT가전,336260
피엔티,IT가전,137400
엔켐,IT가전,348370
씨아이에스,IT가전,222080
삼화콘덴서,IT가전,1820
디피씨,IT가전,26890
원준,IT가전,382840
KH 필룩스,IT가전,33180
원익피앤이,IT가전,131390
가온미디어,IT가전,78890
비츠로셀,IT가전,82920
파워로직스,IT가전,47310
디에이테크놀로지,IT가전,196490
신흥에스이씨,IT가전,243840
삼화전기,IT가전,9470
휴맥스,IT가전,115160
에스피지,IT가전,58610
아남전자,IT가전,8700
팅크웨어,IT가전,84730
에스퓨얼셀,IT가전,288620
모바일어플라이언스,IT가전,87260
홈캐스트,IT가전,64240
엠플러스,IT가전,259630
삼영전자,IT가전,5680
와이엠텍,IT가전,273640
동양이엔피,IT가전,79960
아비코전자,IT가전,36010
지아이텍,IT가전,382480
이노메트리,IT가전,302430
알로이스,IT가전,297570
뉴인텍,IT가전,12340
엔에스,IT가전,217820
파워넷,IT가전,37030
대보마그네틱,IT가전,290670
에이디칩스,IT가전,54630
에이에프더블류,IT가전,312610
KH 일렉트론,IT가전,111870
디엠티,IT가전,134580
에스씨디,IT가전,42110
성호전자,IT가전,43260
피에스텍,IT가전,2230
파인디지털,IT가전,38950
삼진,IT가전,32750
성문전자,IT가전,14910
TJ미디어,IT가전,32540
서울전자통신,IT가전,27040
휴맥스홀딩스,IT가전,28080
신화콘텍,IT가전,187270
경인전자,IT가전,9140
LG디스플레이,디스플레이,34220
SK머티리얼즈,디스플레이,36490
천보,디스플레이,278280
LX세미콘,디스플레이,108320
비덴트,디스플레이,121800
덕산네오룩스,디스플레이,213420
서울반도체,디스플레이,46890
에디슨EV,디스플레이,136510
AP시스템,디스플레이,265520
덕산테코피아,디스플레이,317330
아나패스,디스플레이,123860
APS홀딩스,디스플레이,54620
아바텍,디스플레이,149950
서울바이오시스,디스플레이,92190
디에스케이,디스플레이,109740
오성첨단소재,디스플레이,52420
아이씨디,디스플레이,40910
한솔테크닉스,디스플레이,4710
필옵틱스,디스플레이,161580
톱텍,디스플레이,108230
케이피에스,디스플레이,256940
비보존 헬스케어,디스플레이,82800
트윔,디스플레이,290090
디바이스이엔지,디스플레이,187870
HB테크놀러지,디스플레이,78150
선익시스템,디스플레이,171090
DMS,디스플레이,68790
위지트,디스플레이,36090
우리바이오,디스플레이,82850
토비스,디스플레이,51360
핌스,디스플레이,347770
야스,디스플레이,255440
와이엠씨,디스플레이,155650
비아트론,디스플레이,141000
코텍,디스플레이,52330
미래컴퍼니,디스플레이,49950
포인트엔지니어링,디스플레이,256630
아바코,디스플레이,83930
상보,디스플레이,27580
HB솔루션,디스플레이,297890
디아이티,디스플레이,110990
티로보틱스,디스플레이,117730
탑엔지니어링,디스플레이,65130
한송네오텍,디스플레이,226440
신화인터텍,디스플레이,56700
영우디에스피,디스플레이,143540
아이엘사이언스,디스플레이,307180
케이엔제이,디스플레이,272110
동아엘텍,디스플레이,88130
미래나노텍,디스플레이,95500
넥스트아이,디스플레이,137940
와이투솔루션,디스플레이,11690
힘스,디스플레이,238490
에프엔에스테크,디스플레이,83500
클라우드에어,디스플레이,36170
삼진엘앤디,디스플레이,54090
에스엔유,디스플레이,80000
인지디스플레,디스플레이,37330
파인텍,디스플레이,131760
일진디스플,디스플레이,20760
엘아이에스,디스플레이,138690
제이스텍,디스플레이,90470
이라이콤,디스플레이,41520
우리이앤엘,디스플레이,153490
엘엠에스,디스플레이,73110
우리조명,디스플레이,37400
이엘피,디스플레이,63760
참엔지니어링,디스플레이,9310
엘티씨,디스플레이,170920
아이컴포넌트,디스플레이,59100
신도기연,디스플레이,290520
로체시스템즈,디스플레이,71280
파인디앤씨,디스플레이,49120
금호전기,디스플레이,1210
한국컴퓨터,디스플레이,54040
디이엔티,디스플레이,79810
예선테크,디스플레이,250930
티엘아이,디스플레이,62860
인베니아,디스플레이,79950
제이엠티,디스플레이,94970
베셀,디스플레이,177350
에스엘바이오닉스,디스플레이,214310
제이엠아이,디스플레이,33050
소룩스,디스플레이,290690
세진티에스,디스플레이,67770
엘디티,디스플레이,96870
코이즈,디스플레이,121850
프로이천,디스플레이,321260
SK텔레콤,전기통신서비스,17670
KT,전기통신서비스,30200
LG유플러스,전기통신서비스,32640
인스코비,전기통신서비스,6490
세종텔레콤,전기통신서비스,36630
와이어블,전기통신서비스,65530
한국정보통신,전기통신서비스,25770
신라섬유,전기통신서비스,1000
한국전력,유틸리티,15760
한국가스공사,유틸리티,36460
한전기술,유틸리티,52690
한전KPS,유틸리티,51600
SK가스,유틸리티,18670
한전산업,유틸리티,130660
부산가스,유틸리티,15350
대성홀딩스,유틸리티,16710
E1,유틸리티,17940
삼천리,유틸리티,4690
지역난방공사,유틸리티,71320
서울가스,유틸리티,17390
예스코홀딩스,유틸리티,15360
경동도시가스,유틸리티,267290
에코바이오,유틸리티,38870
대성에너지,유틸리티,117580
한진중공업홀딩스,유틸리티,3480
지에스이,유틸리티,53050
인천도시가스,유틸리티,34590
